Workbook
Name B_Marque: Loop[Résultat]
Name DN_N: _xlfn.ANCHORARRAY(CALC_EFFETS!$P$10)
Name DN_N_1: _xlfn.ANCHORARRAY(CALC_EFFETS!$J$10)
Name L_Date: _xlfn.ANCHORARRAY(Liste!$F$7)
Name L_Famille: _xlfn.ANCHORARRAY(Liste!$C$7)
Name L_Marques: _xlfn.ANCHORARRAY(Liste!$I$7)
Name L_Marques_Famille: _xlfn.ANCHORARRAY(Liste!$L$7)
Name L_Produits_marque: _xlfn.ANCHORARRAY(Liste!#REF!)
Name Mix_N: _xlfn.ANCHORARRAY(CALC_EFFETS!$O$10)
Name Mix_N_1: _xlfn.ANCHORARRAY(CALC_EFFETS!$I$10)
Name Prix_N: _xlfn.ANCHORARRAY(CALC_EFFETS!$N$10)
Name Prix_N_1: _xlfn.ANCHORARRAY(CALC_EFFETS!$H$10)
Name S_famille: Balises!$E$12
Name S_marque: Balises!$E$11
Name Unité: Balises!$E$13
Name Ventes_N: _xlfn.ANCHORARRAY(CALC_EFFETS!$L$10)
Name Ventes_N_1: _xlfn.ANCHORARRAY(CALC_EFFETS!$F$10)
Name Vol_N: _xlfn.ANCHORARRAY(CALC_EFFETS!$M$10)
Name Vol_N_1: _xlfn.ANCHORARRAY(CALC_EFFETS!$G$10)
Name Vol_par_dn_N: _xlfn.ANCHORARRAY(CALC_EFFETS!$Q$10)
Name Vol_par_dn_N_1: _xlfn.ANCHORARRAY(CALC_EFFETS!$K$10)

Sheet Data ->

Sheet D001
C2: Date_début | D2: Date_fin | E2: Année_N | F2: Distributeur | G2: Enseigne | H2: Canal | I2: Géographie | J2: Région | K2: Concurrence | L2: Famille | M2: Segment | N2: Marque | O2: Groupe | P2: Product | Q2: Produit_détaillé | R2: Unité_volume | S2: Chiffre_d'affaires | T2: Distribution_numérique | U2: Prix_moyen | V2: Volume | W2: FLAG_MARQUE

Sheet D002
B3: Famille | C3: Segment | D3: Groupe | E3: Marque | F3: CA_N1_Reel | G3: CA_N_Reel | H3: Volume_N1 | I3: Volume_N | J3: Effet_Marche_Famille | K3: Effet_Marche_Segment | L3: Effet_PdM_Groupe | M3: Effet_Prix_Pur | N3: Effet_Mix_Distributeur | O3: Effet_Mix_Canal | P3: Effet_Mix_Region | Q3: Effet_Mix_Marque | R3: Effet_Mix_Produit | S3: Somme_Effets | T3: Delta_CA_Reel | U3: Ecart_MECE | V3: Croissance_CA | W3: Croissance_CA_Pct | X3: Croissance_Volume_Pct | Y3: Prix_Moyen_N1 | Z3: Prix_Moyen_N | AA3: Evolution_Prix_Pct | AB3: Ecart_MECE_Pct | AC3: MECE_OK

Sheet Settings ->

Sheet Paramètrage
C3: 00 | Paramétrage
C4: Centralisez tous les paramètres devant être saisis par l'utilisateur pour faire fonctionner le modèle

Sheet Balises
C3: 01 | Balises de texte à remplacer
C4: L'ensemble des balises rencontrées dans le fichier PDF seront dynamiquement remplacées par la "Valeur".
D6: Toutes les pages présentant le code suivant seront supprimées | E6: [@SUPR@]
C8: Balise | D8: Desc | E8: Valeur
C9: [Début] | D9: Date de début | E9: =MIN(BD[Date_début]) -> 0
C10: [Date] | D10: Derière date | E10: =MAX(BD[Date_fin]) -> 0
C11: [Marque] | D11: Marque sélectionnée | E11: =INDEX(BD[Marque],MATCH(1,BD[FLAG_MARQUE],0)) -> #N/A
C12: [Famille] | D12: Famille sélectionnée | E12: =INDEX(BD[Famille],MATCH(1,BD[FLAG_MARQUE],0)) -> #N/A
C13: [Unité] | D13: Nature de l'unité | E13: =INDEX(BD[Unité_volume],1) -> 0

Sheet Boucles
C3: 02 | Itérations
C4: L'ensemble des balises rencontrées dans le fichier PDF seront dynamiquement remplacées par la "Valeur".
C6: ID | D6: Itération | E6: Nombre de tests | F6: Résultat
C7: Marque | D7: 1 | E7: =COUNTIFS(_xlfn.ANCHORARRAY(Liste!$M$7),">"&0) -> 0 | F7: {=INDEX(L_Marques_Famille,Loop[[#This Row],[Itération]])} -> #N/A

Sheet Liste
C3: 03 | Listes
C4: Page dédiée à l'ensemble des listes à réutiliser dans le projet (ex. liste des clients triés).
C6: Famille | D6: Ventes N | F6: Date | G6: Ventes N | I6: Marques | J6: Ventes N | L6: Marques_Famille | M6: Ventes N | O6: Distributeurs | Q6: Canal | S6: Distributeurs
C7: {=_xlfn.SORTBY(_xlfn.UNIQUE(BD[Famille]),SUMIFS(BD[Chiffre_d''affaires],BD[Famille],_xlfn.UNIQUE(BD[Famille])),-1)} -> 0 | D7: {=SUMIFS(BD[Chiffre_d''affaires],BD[Année_N],"N",BD[Famille],_xlfn.ANCHORARRAY(C$7))} -> 0 | F7: {=_xlfn.UNIQUE(BD[Date_début])} -> 0 | G7: {=SUMIFS(BD[Chiffre_d''affaires],BD[Date_début],_xlfn.ANCHORARRAY($F$7))} -> 0 | I7: {=_xlfn.SORTBY(_xlfn.UNIQUE(BD[Marque]),SUMIFS(BD[Chiffre_d''affaires],BD[Marque],_xlfn.UNIQUE(BD[Marque])),-1)} -> 0 | J7: {=SUMIFS(BD[Chiffre_d''affaires],BD[Année_N],"N",BD[Marque],_xlfn.ANCHORARRAY(I$7))} -> 0 | L7: {=_xlfn.SORTBY(_xlfn.UNIQUE(_xlfn._xlws.FILTER(BD[Marque],BD[Famille]=S_famille)),SUMIFS(BD[Chiffre_d''affaires],BD[Marque],_xlfn.UNIQUE(_xlfn._xlws.FILTER(BD[Marque],BD[Famille]=S_famille))),-1)} -> #N/A | M7: {=SUMIFS(BD[Chiffre_d''affaires],BD[Année_N],"N",BD[Marque],_xlfn.ANCHORARRAY(L$7))} -> 0 | O7: {=_xlfn.UNIQUE(BD[Distributeur])} -> 0 | Q7: {=_xlfn.UNIQUE(BD[Canal])} -> 0 | S7: {=_xlfn.UNIQUE(BD[Distributeur])} -> 0

Sheet Tables
C3: 04 | Tables
C4: Page dédiée à la construction des tables à injecter dans la présentation

Sheet Analyses ->

Sheet CALC_EFFETS
C3: A | Décomposition de la croissance du chiffre d'affaires sell-out par effet et par marque
C4: {="Étude de la marque "&B_Marque} -> #N/A | F4: {=SUMPRODUCT(DN_N_1*Vol_par_dn_N_1*_xlfn.ANCHORARRAY($E$10))*SUMPRODUCT(Prix_N_1*Mix_N_1*_xlfn.ANCHORARRAY($E$10))} -> #N/A | L4: {=SUMPRODUCT(DN_N*Vol_par_dn_N*_xlfn.ANCHORARRAY($E$10))*SUMPRODUCT(Prix_N*Mix_N*_xlfn.ANCHORARRAY($E$10))} -> #N/A
F5: =F4=F6 -> #N/A | L5: =L4=L6 -> #N/A
D6: {=B_Marque} -> #N/A | F6: {=SUBTOTAL(9,Ventes_N_1)} -> 0 | G6: {=SUBTOTAL(9,Vol_N_1)} -> 0 | H6: {=SUBTOTAL(9,Prix_N_1)} -> 0 | I6: {=SUBTOTAL(9,Mix_N_1)} -> #DIV/0! | J6: {=SUBTOTAL(9,DN_N_1)} -> 0 | K6: {=SUBTOTAL(9,Vol_par_dn_N_1)} -> 0 | L6: {=SUBTOTAL(9,Ventes_N)} -> 0 | M6: {=SUBTOTAL(9,Vol_N)} -> 0 | N6: {=SUBTOTAL(9,Prix_N)} -> 0 | O6: {=SUBTOTAL(9,Mix_N)} -> #DIV/0! | P6: {=SUBTOTAL(9,DN_N)} -> 0 | Q6: {=SUBTOTAL(9,Vol_par_dn_N)} -> 0
F8: N-1 | G8: N-1 | H8: N-1 | I8: N-1 | J8: N-1 | K8: N-1 | L8: N | M8: N | N8: N | O8: N | P8: N | Q8: N
C9: Produit | D9: Marque | E9: S_Marque | F9: ="Ventes_"&F$8 -> Ventes_N-1 | G9: ="Vol_"&G$8 -> Vol_N-1 | H9: ="Prix_"&H$8 -> Prix_N-1 | I9: ="Mix_"&I$8 -> Mix_N-1 | J9: ="DN_"&J$8 -> DN_N-1 | K9: ="Vol_par_dn_"&K$8 -> Vol_par_dn_N-1 | L9: ="Ventes_"&L$8 -> Ventes_N | M9: ="Vol_"&M$8 -> Vol_N | N9: ="Prix_"&N$8 -> Prix_N | O9: ="Mix_"&O$8 -> Mix_N | P9: ="DN_"&P$8 -> DN_N | Q9: ="Vol_par_dn_"&Q$8 -> Vol_par_dn_N
C10: {=_xlfn.UNIQUE(_xlfn._xlws.FILTER(BD[Product],(BD[Famille]=S_famille)))} -> #N/A | D10: {=INDEX(BD[Marque],MATCH(_xlfn.ANCHORARRAY($C$10),BD[Product],0))} -> #N/A | E10: {=--(_xlfn.ANCHORARRAY($D$10)=B_Marque)} -> #N/A | F10: {=SUMIFS(BD[Chiffre_d''affaires],BD[Product],_xlfn.ANCHORARRAY($C$10),BD[Année_N],F$8)} -> 0 | G10: {=SUMIFS(BD[Volume],BD[Product],_xlfn.ANCHORARRAY($C$10),BD[Année_N],G$8)} -> 0 | H10: {=IFERROR(_xlfn.ANCHORARRAY(F10)/_xlfn.ANCHORARRAY(G10),0)} -> 0 | I10: {=_xlfn.ANCHORARRAY(G10)/SUMIFS(_xlfn.ANCHORARRAY(G10),_xlfn.ANCHORARRAY(E10),1)} -> #DIV/0! | J10: {=IFERROR(AVERAGEIFS(BD[Distribution_numérique],BD[Product],_xlfn.ANCHORARRAY($C$10),BD[Année_N],J$8),0)} -> 0 | K10: {=IFERROR(_xlfn.ANCHORARRAY(G10)/_xlfn.ANCHORARRAY(J10),0)} -> 0 | L10: {=SUMIFS(BD[Chiffre_d''affaires],BD[Product],_xlfn.ANCHORARRAY($C$10),BD[Année_N],L$8)} -> 0 | M10: {=SUMIFS(BD[Volume],BD[Product],_xlfn.ANCHORARRAY($C$10),BD[Année_N],M$8)} -> 0 | N10: {=IFERROR(_xlfn.ANCHORARRAY(L10)/_xlfn.ANCHORARRAY(M10),0)} -> 0 | O10: {=_xlfn.ANCHORARRAY(M10)/SUMIFS(_xlfn.ANCHORARRAY(M10),_xlfn.ANCHORARRAY(E10),1)} -> #DIV/0! | P10: {=IFERROR(AVERAGEIFS(BD[Distribution_numérique],BD[Product],_xlfn.ANCHORARRAY($C$10),BD[Année_N],P$8),0)} -> 0 | Q10: {=IFERROR(_xlfn.ANCHORARRAY(M10)/_xlfn.ANCHORARRAY(P10),0)} -> 0

Sheet Sheet4
B2: Catégorie | E2: =S_famille -> #N/A
B3: Marques | E3: {=B_Marque} -> #N/A
E6: N-1 | F6: N | G6: EVOL | H6: N
C7: Maille | E7: =E8*E11*E14 -> #DIV/0! | F7: =F8*F11*F14 -> #DIV/0! | G7: =F7/E7-1 -> #DIV/0!
B8: Volume catégorie | C8: Générale | D8: Évolution de la demande sur le segment | E8: =SUMIFS(BD[Volume],BD[Famille],S_famille,BD[Année_N],E$6) -> 0 | F8: =SUMIFS(BD[Volume],BD[Famille],S_famille,BD[Année_N],F$6) -> 0 | G8: =F8/E8-1 -> #DIV/0! | I8: =_xlfn.FORMULATEXT(E8) -> =SUMIFS(BD[Volume];BD[Famille];S_famille;BD[Année_N];E$6)
B9: Effet rayon | C9: Générale | D9: Quelle est la dynamique du rayon ? | E9: =SUMIFS(BD[Volume],BD[Année_N],E$6) -> 0 | F9: =SUMIFS(BD[Volume],BD[Année_N],F$6) -> 0 | G9: =F9/E9-1 -> #DIV/0! | I9: =_xlfn.FORMULATEXT(E9) -> =SUMIFS(BD[Volume];BD[Année_N];E$6)
B10: Effet poids catégorie | C10: Générale | D10: Comment se porte la catégorie sans son rayon ? | E10: =E8/E9 -> #DIV/0! | F10: =F8/F9 -> #DIV/0! | G10: =F10/E10-1 -> #DIV/0! | I10: =_xlfn.FORMULATEXT(E10) -> =E8/E9
B11: Parts de machés | C11: Générale | D11: Évolution des parts de marché de la marque. | E11: {=SUMIFS(BD[Volume],BD[Famille],S_famille,BD[Marque],B_Marque,BD[Année_N],E$6)/E8} -> #DIV/0! | F11: {=SUMIFS(BD[Volume],BD[Famille],S_famille,BD[Marque],B_Marque,BD[Année_N],F$6)/F8} -> #DIV/0! | G11: =F11/E11-1 -> #DIV/0! | I11: =_xlfn.FORMULATEXT(E11) -> =SUMIFS(BD[Volume];BD[Famille];S_famille;BD[Marque];B_Marque;BD[Année_N];E$6)/E8
B12: Effet distribution | C12: Table produit | D12: Quelle incidence a eu l'évolution de notre distribution sur nos ventes ?
B13: Effet volume / mag | C13: Table produit | D13: Quel a été la dynamique concernant nos ventes dans chaque magasin ?
B14: Prix moyens | C14: Générale | D14: Évolution du prix moyen de la marque. | E14: {=SUMIFS(BD[Chiffre_d''affaires],BD[Famille],S_famille,BD[Marque],B_Marque,BD[Année_N],E$6)/SUMIFS(BD[Volume],BD[Famille],S_famille,BD[Marque],B_Marque,BD[Année_N],E$6)} -> #DIV/0! | F14: {=SUMIFS(BD[Chiffre_d''affaires],BD[Famille],S_famille,BD[Marque],B_Marque,BD[Année_N],F$6)/SUMIFS(BD[Volume],BD[Famille],S_famille,BD[Marque],B_Marque,BD[Année_N],F$6)} -> #DIV/0! | G14: =F14/E14-1 -> #DIV/0! | I14: =_xlfn.FORMULATEXT(E14) -> =SUMIFS(BD[Chiffre_d''affaires];BD[Famille];S_famille;BD[Marque];B_Marque;BD[Année_N];E$6)/SUMIFS(BD[Volume];BD[Famille];S_famille;BD[Marque];B_Marque;BD[Année_N];E$6)
B15: Effet prix pur | C15: BD | D15: Comment l'évolution de nos prix a-t-elle modifié notre CA ?
B16: Effet mix mix | C16: BD | D16: Comment le changement de mix de nos ventes a-t-il modifié le CA ?
B17: Mix distributeur | C17: BD | D17: La répartition des ventes entre distributeurs explique-t-elle l'effet mix ?
B18: Mix canal | C18: BD | D18: La répartition des ventes entre caneaux de distribution explique-t-elle l'effet mix ?
B19: Mix géographique | C19: BD | D19: La répartition des ventes entre régions explique-t-elle l'effet mix ?
B20: Mix marque | C20: BD | D20: La répartition des ventes entre les marques en portefeuille explique-t-elle l'effet mix ?
B21: Mix produit | C21: BD | D21: La répartition des ventes entre produits explique-t-elle l'effet mix ?
E22: =E9*E10*E11*E14 -> #DIV/0! | F22: =F9*F10*F11*F14 -> #DIV/0!

Sheet Chart
C3: A | Calcul des effets de marché
C4: Performance de l'entreprise sans battre ni perdre face au marché
C6: Marché : | D6: =S_famille -> #N/A
C8: {=B_Marque} -> #N/A | D8: CA | E8: Total | F8: Blank | G8: Positive | H8: Negative | I8: Test
C9: CA année N-1 | D9: {=SUMPRODUCT(DN_N_1*Vol_par_dn_N_1*_xlfn.ANCHORARRAY(CALC_EFFETS!$E$10))*SUMPRODUCT(Prix_N_1*Mix_N_1*_xlfn.ANCHORARRAY(CALC_EFFETS!$E$10))} -> #N/A | E9: =D9 -> #N/A | I9: 0 | J9: =D9 -> #N/A
C10: Effet Distribution | D10: {=SUMPRODUCT(DN_N*Vol_par_dn_N_1*_xlfn.ANCHORARRAY(CALC_EFFETS!$E$10))*SUMPRODUCT(Prix_N_1*Mix_N_1*_xlfn.ANCHORARRAY(CALC_EFFETS!$E$10))} -> #N/A | F10: =E9++F9+G9-H10-H9 -> #N/A | G10: =IF($D10-$D9>0,$D10-$D9,0) -> #N/A | H10: =ABS(IF($D10-$D9<0,$D10-$D9,0)) -> #N/A | I10: 0 | J10: =TEXT((D10-D9)/1000000,"+# ##0,0;-# ##0,0;-")&"M€ ("&TEXT((D10-D9)/$D$9,"+0,0%;-0,0%;=")&")" -> #N/A
C11: Effet Volume | D11: {=SUMPRODUCT(DN_N*Vol_par_dn_N*_xlfn.ANCHORARRAY(CALC_EFFETS!$E$10))*SUMPRODUCT(Prix_N_1*Mix_N_1*_xlfn.ANCHORARRAY(CALC_EFFETS!$E$10))} -> #N/A | F11: =E10++F10+G10-H11 -> #N/A | G11: =IF($D11-$D10>0,$D11-$D10,0) -> #N/A | H11: =ABS(IF($D11-$D10<0,$D11-$D10,0)) -> #N/A | I11: 0 | J11: =TEXT((D11-D10)/1000000,"+# ##0,0;-# ##0,0;-")&"M€ ("&TEXT((D11-D10)/$D$9,"+0,0%;-0,0%;=")&")" -> #N/A
C12: Effet prix | D12: {=SUMPRODUCT(DN_N*Vol_par_dn_N*_xlfn.ANCHORARRAY(CALC_EFFETS!$E$10))*SUMPRODUCT(Prix_N*Mix_N_1*_xlfn.ANCHORARRAY(CALC_EFFETS!$E$10))} -> #N/A | F12: =E11++F11+G11-H12 -> #N/A | G12: =IF($D12-$D11>0,$D12-$D11,0) -> #N/A | H12: =ABS(IF($D12-$D11<0,$D12-$D11,0)) -> #N/A | I12: 0 | J12: =TEXT((D12-D11)/1000000,"+# ##0,0;-# ##0,0;-")&"M€ ("&TEXT((D12-D11)/$D$9,"+0,0%;-0,0%;=")&")" -> #N/A
C13: Effet mix | D13: {=SUMPRODUCT(DN_N*Vol_par_dn_N*_xlfn.ANCHORARRAY(CALC_EFFETS!$E$10))*SUMPRODUCT(Prix_N*Mix_N*_xlfn.ANCHORARRAY(CALC_EFFETS!$E$10))} -> #N/A | F13: =E12++F12+G12-H13 -> #N/A | G13: =IF($D13-$D12>0,$D13-$D12,0) -> #N/A | H13: =ABS(IF($D13-$D12<0,$D13-$D12,0)) -> #N/A | I13: 0 | J13: =TEXT((D13-D12)/1000000,"+# ##0,0;-# ##0,0;-")&"M€ ("&TEXT((D13-D12)/$D$9,"+0,0%;-0,0%;=")&")" -> #N/A
C14: CA année N | D14: {=SUMPRODUCT(DN_N*Vol_par_dn_N*_xlfn.ANCHORARRAY(CALC_EFFETS!$E$10))*SUMPRODUCT(Prix_N*Mix_N*_xlfn.ANCHORARRAY(CALC_EFFETS!$E$10))} -> #N/A | E14: =D14 -> #N/A | I14: 0 | J14: =TEXT(D14/1000000,"# ##0,0")&"M€ ("&TEXT((D14-D9)/$D$9,"+0,0%;-0,0%;=")&")" -> #N/A
